company,platform,period,period_original,access,source_url,filename,archived,sha256,bytes
ArtStation,ArtStation,2023 Q4,Q4 2023,public,https://oag.ca.gov/sites/default/files/ArtStation%20California%20AB-587%20Q4%20Terms%20of%20Service%20Report.pdf/ArtStation%20California%20AB-587%20Q4%20Terms%20of%20Service%20Report.pdf,artstation-2023-q4-a920e7.pdf,,,
ArtStation,ArtStation,2024 H1,Q1/Q2 2024,public,https://oag.ca.gov/sites/default/files/ArtStation%20Q1_Q2%20California%20AB-587%20Report%20-%209.28.2024.pdf/ArtStation%20Q1_Q2%20California%20AB-587%20Report%20-%209.28.2024.pdf,artstation-2024-h1-a51b0c.pdf,,,
ArtStation,ArtStation,2024 H2,Q3/Q4 2024,public,https://oag.ca.gov/sites/default/files/ArtStation%202024%20Q3_Q4%20California%20AB%20587%20Report.pdf/ArtStation%202024%20Q3_Q4%20California%20AB%20587%20Report.pdf,artstation-2024-h2-2c4448.pdf,,,
ArtStation,ArtStation,2025 H1,Q1/Q2 2025,public,https://oag.ca.gov/sites/default/files/ArtStation%20Q1_Q2%20California%20AB%20587%20Report.pdf/ArtStation%20Q1_Q2%20California%20AB%20587%20Report.pdf,artstation-2025-h1-45d34a.pdf,,,
Naver Corporation,BAND,2024 H2,Q3/Q4 2024,public,https://oag.ca.gov/sites/default/files/California%20Terms%20of%20Service%20Report_BAND_Q32023~Q42024.pdf/California%20Terms%20of%20Service%20Report_BAND_Q32023~Q42024.pdf,band-2024-h2-836475.pdf,,,
Naver Corporation,BAND,2025 H1,Q1/Q2 2025,public,https://oag.ca.gov/sites/default/files/BAND%20California%20Terms%20of%20Service%20Report_Q1~Q2%202025.pdf/BAND%20California%20Terms%20of%20Service%20Report_Q1~Q2%202025.pdf,band-2025-h1-4bf153.pdf,,,
Naver Corporation,BAND,2025 H2,Q3/Q4 2025,public,https://oag.ca.gov/sites/default/files/BAND%20California%20Terms%20of%20Service%20Report_Q3~Q4%202025.pdf/BAND%20California%20Terms%20of%20Service%20Report_Q3~Q4%202025.pdf,band-2025-h2-3116a1.pdf,,,
Discord Inc.,Discord,2023 Q3,Q3 2023,public,https://oag.ca.gov/sites/default/files/Discord%20-%202023%20Q3%20CA%20AB%20527%20-%20Complete.pdf/Discord%20-%202023%20Q3%20CA%20AB%20527%20-%20Complete.pdf,discord-2023-q3-c05561.pdf,,,
"Discord, Inc",Discord,2023 Q4,Q4 2023,public,https://oag.ca.gov/sites/default/files/2024.04.01%20Discord%2023Q4%20CA%20TOS%20Report.pdf/2024.04.01%20Discord%2023Q4%20CA%20TOS%20Report.pdf,discord-2023-q4-9ba386.pdf,,,
Discord Inc.,Discord,2024 H1,Q1/Q2 2024,public,https://oag.ca.gov/sites/default/files/2024.10.01%20Discord%2024Q1%20and%20Q2%20CA%20TOS%20Report.pdf/2024.10.01%20Discord%2024Q1%20and%20Q2%20CA%20TOS%20Report.pdf,discord-2024-h1-5bed01.pdf,,,
Discord Inc.,Discord,2024 H2,Q3/Q4 2024,public,https://oag.ca.gov/sites/default/files/Discord%20Inc.%20-%20California%20Terms%20of%20Service%20Report%20Q3-Q4%202024.pdf/Discord%20Inc.%20-%20California%20Terms%20of%20Service%20Report%20Q3-Q4%202024.pdf,discord-2024-h2-028d4a.pdf,,,
Discord Inc.,Discord,2025 H1,Q1/Q2 2025,public,https://oag.ca.gov/sites/default/files/Discord%20Inc.%20-%20California%20Terms%20of%20Service%20Report%20Q1-Q2%202025.pdf/Discord%20Inc.%20-%20California%20Terms%20of%20Service%20Report%20Q1-Q2%202025.pdf,discord-2025-h1-a9e5a1.pdf,,,
"Discord, Inc",Discord,2025 H2,Q3/Q4 2025,public,https://oag.ca.gov/sites/default/files/Discord%20Inc.%20-%20California%20Terms%20of%20Service%20Report%20Q3-Q4%202025.pdf/Discord%20Inc.%20-%20California%20Terms%20of%20Service%20Report%20Q3-Q4%202025.pdf,discord-2025-h2-ca7451.pdf,,,
"GitHub, Inc.",GitHub,2024 H1,Q1/Q2 2024,public,https://oag.ca.gov/sites/default/files/GitHub%20SB%20587%20TOS%20Report.pdf/GitHub%20SB%20587%20TOS%20Report.pdf,github-2024-h1-70bd25.pdf,,,
"Goodreads, Inc.",Goodreads,2023 Q3,Q3 2023,public,https://oag.ca.gov/sites/default/files/Goodreads%20-%20AB587%20Terms%20of%20Service%20Report%20-%20Q3%202023.pdf/Goodreads%20-%20AB587%20Terms%20of%20Service%20Report%20-%20Q3%202023.pdf,goodreads-2023-q3-2b7f5b.pdf,,,
"Goodreads, Inc.",Goodreads,2023 Q4,Q4 2023,public,https://oag.ca.gov/sites/default/files/Goodreads%20-%20AB587%20Terms%20of%20Service%20Report%20-%20Q4%202023.pdf/Goodreads%20-%20AB587%20Terms%20of%20Service%20Report%20-%20Q4%202023.pdf,goodreads-2023-q4-4fbac2.pdf,,,
"Goodreads, Inc.",Goodreads,2024 H1,Q1/Q2 2024,public,https://oag.ca.gov/sites/default/files/Goodreads%20-%20AB587%20Terms%20of%20Service%20Report%20-%20Q1%20and%20Q2%202024.pdf/Goodreads%20-%20AB587%20Terms%20of%20Service%20Report%20-%20Q1%20and%20Q2%202024.pdf,goodreads-2024-h1-251876.pdf,,,
Goodreads,Goodreads,2024 H2,Q3/Q4 2024,public,https://oag.ca.gov/sites/default/files/Goodreads%20-%20AB587%20Terms%20of%20Service%20Report%20-%20Q3%20and%20Q4%202024.pdf/Goodreads%20-%20AB587%20Terms%20of%20Service%20Report%20-%20Q3%20and%20Q4%202024.pdf,goodreads-2024-h2-03b293.pdf,,,
Goodreads,Goodreads,2025 H1,Q1/Q2 2025,public,https://oag.ca.gov/sites/default/files/Goodreads%20-%20Q1%20and%20Q2%202025%20Terms%20of%20Service%20Report%20%28CA%20AB587%29%20-%20FINAL.pdf/Goodreads%20-%20Q1%20and%20Q2%202025%20Terms%20of%20Service%20Report%20%28CA%20AB587%29%20-%20FINAL.pdf,goodreads-2025-h1-aced00.pdf,,,
Goodreads,Goodreads,2025 H2,Q3/Q4 2025,public,https://oag.ca.gov/sites/default/files/Goodreads%20-%20Q3%20and%20Q4%202025%20Terms%20of%20Service%20Report%20%28CA%20AB587%29%20-%20FINAL.pdf/Goodreads%20-%20Q3%20and%20Q4%202025%20Terms%20of%20Service%20Report%20%28CA%20AB587%29%20-%20FINAL.pdf,goodreads-2025-h2-164569.pdf,,,
"Agile Sports Technologies, Inc. dba Hudl",Hudl,2023 Q4,Q4 2023,public,https://oag.ca.gov/sites/default/files/Q4%20CY%202023%20-%20Agile%20Sports%20Technologies%2C%20Inc.%20-%20Report%20%28AB%20587%29%28update%20April%2015%2C%202024%20to%20report%20submitted%20April%201%2C%202024%29.pdf/Q4%20CY%202023%20-%20Agile%20Sports%20Technologies%2C%20Inc.%20-%20Report%20%28AB%20587%29%28update%20April%2015%2C%202024%20to%20report%20submitted%20April%201%2C%202024.pdf,hudl-2023-q4-bd1a86.pdf,,,
"Agile Sports Technologies, Inc. dba Hudl",Hudl,2023 Q4,Q4 2023,public,https://oag.ca.gov/sites/default/files/Q4%20CY%202023%20-%20Agile%20Sports%20Technologies%2C%20Inc.%20-%20Report%20%28AB%20587%29.pdf/Q4%20CY%202023%20-%20Agile%20Sports%20Technologies%2C%20Inc.%20-%20Report%20%28AB%20587%29.pdf,hudl-2023-q4-f70ed4.pdf,,,
"Agile Sports Technologies, Inc. dba Hudl",Hudl,2024 H1,Q1/Q2 2024,public,https://oag.ca.gov/sites/default/files/Q1%20%26%20Q2%20CY%202024%20-%20Agile%20Sports%20Technologies%2C%20Inc.%20-%20Report%20%28AB%20587%29%28submitted%20Sep%2030%2C%202024%29.pdf/Q1%20%26%20Q2%20CY%202024%20-%20Agile%20Sports%20Technologies%2C%20Inc.%20-%20Report%20%28AB%20587%29%28submitted%20Sep%2030%2C%202024%29.pdf,hudl-2024-h1-08afa9.pdf,,,
"Agile Sports Technologies, Inc. dba Hudl",Hudl,2024 H2,Q3/Q4 2024,public,https://oag.ca.gov/sites/default/files/Q3%20%26%20Q4%20CY%202024%20-%20Agile%20Sports%20Technologies%2C%20Inc.%20-%20Report%20%28AB%20587%29%20%28April%201%202025%29.pdf/Q3%20%26%20Q4%20CY%202024%20-%20Agile%20Sports%20Technologies%2C%20Inc.%20-%20Report%20%28AB%20587%29%20%28April%201%202025%29.pdf,hudl-2024-h2-97b190.pdf,,,
"Agile Sports Technologies, Inc. dba Hudl",Hudl,2025 H1,Q1/Q2 2025,public,https://oag.ca.gov/sites/default/files/Q1%20and%20Q2%202025%20-%20Agile%20Sports%20Technologies%2C%20Inc.%20-%20Report%20%28AB%20587%29%20%28October%201%202025%29%20Submitted.pdf/Q1%20and%20Q2%202025%20-%20Agile%20Sports%20Technologies%2C%20Inc.%20-%20Report%20%28AB%20587%29%20%28October%201%202025%29%20Submitted.pdf,hudl-2025-h1-ed11cc.pdf,,,
"Hudl, Inc. (f/k/a Agile Sports Technologies, Inc.)",Hudl,2026 H2,Q3/Q4 2026,public,https://oag.ca.gov/sites/default/files/Hudl%20California%20TOS%20Report%20Q3-Q4%202025.pdf/Hudl%20California%20TOS%20Report%20Q3-Q4%202025.pdf,hudl-2026-h2-36cc84.pdf,,,
LinkedIn Corporation,LinkedIn,2023 Q4,Q4 2023,public,https://oag.ca.gov/sites/default/files/LinkedIn%20Terms%20of%20Service%20Report%20-%20April%202024.pdf/LinkedIn%20Terms%20of%20Service%20Report%20-%20April%202024.pdf,linkedin-2023-q4-52a75b.pdf,,,
LinkedIn,LinkedIn,2024 H1,Q1/Q2 2024,public,https://oag.ca.gov/sites/default/files/3rd%20CA%20Terms%20of%20Service%20Report%20%28H1%202024%29%20%28ACP%29.pdf/3rd%20CA%20Terms%20of%20Service%20Report%20%28H1%202024%29%20%28ACP%29.pdf,linkedin-2024-h1-4401df.pdf,,,
LinkedIn Corp.,LinkedIn,2024 H2,Q3/Q4 2024,public,https://oag.ca.gov/sites/default/files/LinkedIn%20California%20Terms%20of%20Service%20Report%20--%20H2%202024.pdf/LinkedIn%20California%20Terms%20of%20Service%20Report%20--%20H2%202024.pdf,linkedin-2024-h2-f9055e.pdf,,,
LinkedIn,LinkedIn,2025 H1,Q1/Q2 2025,public,https://oag.ca.gov/sites/default/files/5th%20CA%20Terms%20of%20Service%20Report%20%28H1%202025%29%20%28ACP%29.pdf/5th%20CA%20Terms%20of%20Service%20Report%20%28H1%202025%29%20%28ACP%29.pdf,linkedin-2025-h1-4ac19a.pdf,,,
LinkedIn,LinkedIn,2025 H2,Q3/Q4 2025,public,https://oag.ca.gov/sites/default/files/6th%20CA%20Terms%20of%20Service%20Report%20%28H2%202025%29.pdf/6th%20CA%20Terms%20of%20Service%20Report%20%28H2%202025%29.pdf,linkedin-2025-h2-b69eea.pdf,,,
Meta,Meta,2023 Q4,Q4 2023,public,https://oag.ca.gov/sites/default/files/%5BFINAL%5D%20Q4%202023%20Data%20-%20California%20AB%20587%2C%20Meta.pdf/%5BFINAL%5D%20Q4%202023%20Data%20-%20California%20AB%20587%2C%20Meta.pdf,meta-2023-q4-340df3.pdf,,,
Meta,Meta,2024 H1,Q1/Q2 2024,public,https://oag.ca.gov/sites/default/files/Meta%20California%20AB%20587%20Terms%20of%20Service%20Report%20-%20Q1_Q2%202024.pdf/Meta%20California%20AB%20587%20Terms%20of%20Service%20Report%20-%20Q1_Q2%202024.pdf,meta-2024-h1-49a751.pdf,,,
Meta,Meta,2024 H2,Q3/Q4 2024,public,https://oag.ca.gov/sites/default/files/Meta%20California%20AB%20587%20Terms%20of%20Service%20Report%20-%20Q3_Q4%202024.pdf/Meta%20California%20AB%20587%20Terms%20of%20Service%20Report%20-%20Q3_Q4%202024.pdf,meta-2024-h2-4cf2ff.pdf,,,
Meta,Meta,2025 H1,Q1/Q2 2025,public,https://oag.ca.gov/sites/default/files/Meta%20California%20AB%20587%20Terms%20of%20Service%20Report%20-%20Q1_Q2%202025.pdf/Meta%20California%20AB%20587%20Terms%20of%20Service%20Report%20-%20Q1_Q2%202025.pdf,meta-2025-h1-96c7c5.pdf,,,
Meta,Meta,2025 H2,Q3/Q4 2025,public,https://oag.ca.gov/sites/default/files/Meta%20California%20AB%20587%20Terms%20of%20Service%20Report%20-%20Q3_Q4%202025%20%282%29.pdf/Meta%20California%20AB%20587%20Terms%20of%20Service%20Report%20-%20Q3_Q4%202025%20%282%29.pdf,meta-2025-h2-07b167.pdf,,,
Microsoft Corporation,Microsoft,2023 Q4,Q4 2023,public,https://oag.ca.gov/sites/default/files/Microsoft%20California%20Terms%20of%20Service%20Report%20CY2023%20Q4%20submitted%20on%2003-29-2024.pdf/Microsoft%20California%20Terms%20of%20Service%20Report%20CY2023%20Q4%20submitted%20on%2003-29-2024.pdf,microsoft-2023-q4-bed3f2.pdf,,,
Microsoft Corporation,Microsoft,2024 H1,Q1/Q2 2024,public,https://oag.ca.gov/sites/default/files/California%20Terms%20of%20Service%20Report%20CY2024%20Q1%20%26%20Q2%20-%20Microsoft%20Corporation.pdf/California%20Terms%20of%20Service%20Report%20CY2024%20Q1%20%26%20Q2%20-%20Microsoft%20Corporation.pdf,microsoft-2024-h1-64796f.pdf,,,
"Nextdoor, Inc.",Nextdoor,2023 Q4,Q4 2023,public,https://oag.ca.gov/sites/default/files/Nextdoor%20California%20ToS%20Report%2C%20Q4%202023%2C%20with%20attachments.pdf/Nextdoor%20California%20ToS%20Report%2C%20Q4%202023%2C%20with%20attachments.pdf,nextdoor-2023-q4-c3631f.pdf,,,
Nextdoor,Nextdoor,2024 H1,Q1/Q2 2024,public,https://oag.ca.gov/sites/default/files/2027.09.27_Nextdoor%20Terms%20of%20Service%20Report.pdf/2027.09.27_Nextdoor%20Terms%20of%20Service%20Report.pdf,nextdoor-2024-h1-38bd00.pdf,,,
Nextdoor,Nextdoor,2024 H2,Q3/Q4 2024,public,https://oag.ca.gov/sites/default/files/Nextdoor%20Cal%20TOS%20Report%2C%202024%20Q3%20%26%20Q4.pdf/Nextdoor%20Cal%20TOS%20Report%2C%202024%20Q3%20%26%20Q4.pdf,nextdoor-2024-h2-52d865.pdf,,,
Nextdoor,Nextdoor,2025 H1,Q1/Q2 2025,public,https://oag.ca.gov/sites/default/files/Nextdoor%20Cal%20TOS%20Report%2C%202025%20Q1%20%26%20Q2.pdf/Nextdoor%20Cal%20TOS%20Report%2C%202025%20Q1%20%26%20Q2.pdf,nextdoor-2025-h1-b716dd.pdf,,,
Nextdoor,Nextdoor,2025 H2,Q3/Q4 2025,public,https://oag.ca.gov/sites/default/files/Nextdoor%20California%20TOS%20Report%20-%202025%20Q3-Q4.pdf/Nextdoor%20California%20TOS%20Report%20-%202025%20Q3-Q4.pdf,nextdoor-2025-h2-bb0a39.pdf,,,
Peloton,Peloton,2024 H2,Q3/Q4 2024,public,https://oag.ca.gov/sites/default/files/Peloton%20-%20AB%20587%20Terms%20of%20Service%20Report%20%28Q3-Q4%202025%29.pdf/Peloton%20-%20AB%20587%20Terms%20of%20Service%20Report%20%28Q3-Q4%202025%29.pdf,peloton-2024-h2-03abb7.pdf,,,
Peloton,Peloton,2025 H1,Q1/Q2 2025,public,https://oag.ca.gov/sites/default/files/Peloton%20-%20AB%20587%20Terms%20of%20Service%20Report%20%28Q1-Q2%202025%29.pdf/Peloton%20-%20AB%20587%20Terms%20of%20Service%20Report%20%28Q1-Q2%202025%29.pdf,peloton-2025-h1-7d1dc0.pdf,,,
"Pinterest, Inc.",Pinterest,2023 Q3,Q3 2023,public,https://oag.ca.gov/sites/default/files/California%20AB-587%20Terms%20of%20Service%20Report%20%28Q3%202023%29%20%5BPinterest%2C%20Inc.%5D.pdf/California%20AB-587%20Terms%20of%20Service%20Report%20%28Q3%202023%29%20%5BPinterest%2C%20Inc.%5D.pdf,pinterest-2023-q3-121c37.pdf,,,
"Pinterest, Inc.",Pinterest,2023 Q4,Q4 2023,public,https://oag.ca.gov/sites/default/files/California%20AB-587%20Terms%20of%20Service%20Report%20%28Q4%202023%29%20%5BPinterest%2C%20Inc.%5D.pdf/California%20AB-587%20Terms%20of%20Service%20Report%20%28Q4%202023%29%20%5BPinterest%2C%20Inc.%5D.pdf,pinterest-2023-q4-368d53.pdf,,,
"Pinterest, Inc.",Pinterest,2024 H1,Q1/Q2 2024,public,https://oag.ca.gov/sites/default/files/California%20AB-587%20Terms%20of%20Service%20Report%20%28H1%202024%29%20%5BPinterest%2C%20Inc.%5D.pdf/California%20AB-587%20Terms%20of%20Service%20Report%20%28H1%202024%29%20%5BPinterest%2C%20Inc.%5D.pdf,pinterest-2024-h1-664944.pdf,,,
"Pinterest, Inc.",Pinterest,2024 H2,Q3/Q4 2024,public,https://oag.ca.gov/sites/default/files/California%20AB-587%20Terms%20of%20Service%20Report%20%28H2%202024%29%20%5BPinterest%2C%20Inc.%5D.pdf/California%20AB-587%20Terms%20of%20Service%20Report%20%28H2%202024%29%20%5BPinterest%2C%20Inc.%5D.pdf,pinterest-2024-h2-f86c53.pdf,,,
"Pinterest, Inc.",Pinterest,2025 H1,Q1/Q2 2025,public,https://oag.ca.gov/sites/default/files/California%20AB-587%20Terms%20of%20Service%20Report%20%28H1%202025%29%20%5BPinterest%2C%20Inc.%5D.pdf/California%20AB-587%20Terms%20of%20Service%20Report%20%28H1%202025%29%20%5BPinterest%2C%20Inc.%5D.pdf,pinterest-2025-h1-370eb6.pdf,,,
"Pinterest, Inc.",Pinterest,2025 H2,Q3/Q4 2025,public,https://oag.ca.gov/sites/default/files/California%20AB-587%20Terms%20of%20Service%20Report%20%28H2%202025%29%20%5BPinterest%2C%20Inc.%5D.pdf/California%20AB-587%20Terms%20of%20Service%20Report%20%28H2%202025%29%20%5BPinterest%2C%20Inc.%5D.pdf,pinterest-2025-h2-7bafa3.pdf,,,
"Reddit, Inc.",Reddit,2023 Q3,Q3 2023,public,https://oag.ca.gov/sites/default/files/Reddit%2C%20Inc.%20-%20AB%20587%20Terms%20of%20Service%20Report%20%28Q3%202023%29.pdf/Reddit%2C%20Inc.%20-%20AB%20587%20Terms%20of%20Service%20Report%20%28Q3%202023%29.pdf,reddit-2023-q3-f4ce7d.pdf,,,
"Reddit, Inc.",Reddit,2023 Q4,Q4 2023,public,https://oag.ca.gov/sites/default/files/Reddit%2C%20Inc.%20-%20AB%20587%20Terms%20of%20Service%20Report%20%28Q4%202023%29.pdf/Reddit%2C%20Inc.%20-%20AB%20587%20Terms%20of%20Service%20Report%20%28Q4%202023%29.pdf,reddit-2023-q4-3211c9.pdf,,,
"Reddit, Inc.",Reddit,2024 H1,Q1/Q2 2024,public,https://oag.ca.gov/sites/default/files/Reddit%2C%20Inc.%20-%20AB%20587%20Terms%20of%20Service%20Report%20%28H1%202024%29.pdf/Reddit%2C%20Inc.%20-%20AB%20587%20Terms%20of%20Service%20Report%20%28H1%202024%29.pdf,reddit-2024-h1-ee7976.pdf,,,
"Reddit, Inc.",Reddit,2024 H2,Q3/Q4 2024,public,https://oag.ca.gov/sites/default/files/Reddit%2C%20Inc.%20-%20AB%20587%20Terms%20of%20Service%20Report%20%28H2%202024%29.pdf/Reddit%2C%20Inc.%20-%20AB%20587%20Terms%20of%20Service%20Report%20%28H2%202024%29.pdf,reddit-2024-h2-813583.pdf,,,
"Reddit, Inc.",Reddit,2025 H1,Q1/Q2 2025,public,https://oag.ca.gov/sites/default/files/Reddit%2C%20Inc.%20-%20AB%20587%20Terms%20of%20Service%20Report%20%28H1%202025%29.pdf/Reddit%2C%20Inc.%20-%20AB%20587%20Terms%20of%20Service%20Report%20%28H1%202025%29.pdf,reddit-2025-h1-f6b3a6.pdf,,,
"Reddit, Inc.",Reddit,2025 H2,Q3/Q4 2025,public,https://oag.ca.gov/sites/default/files/Reddit%2C%20Inc.%20-%20AB%20587%20Terms%20of%20Service%20Report%20%28H2%202025%29.pdf/Reddit%2C%20Inc.%20-%20AB%20587%20Terms%20of%20Service%20Report%20%28H2%202025%29.pdf,reddit-2025-h2-2ec408.pdf,,,
Roblox Corporation,Roblox,2023 Q3,Q3 2023,public,https://oag.ca.gov/sites/default/files/Roblox_CA_AB_587_Report.pdf/Roblox_CA_AB_587_Report.pdf,roblox-2023-q3-f7002b.pdf,,,
Roblox Corporation,Roblox,2023 Q4,Q4 2023,public,https://oag.ca.gov/sites/default/files/Roblox%20AB%20582%20Report%20-%20Q4%202023.pdf/Roblox%20AB%20582%20Report%20-%20Q4%202023.pdf,roblox-2023-q4-365a2a.pdf,,,
Roblox Corporation,Roblox,2024 H1,Q1/Q2 2024,public,https://oag.ca.gov/sites/default/files/Roblox%20AB%20587%20Report%20-%20Q1-2%202024.pdf/Roblox%20AB%20587%20Report%20-%20Q1-2%202024.pdf,roblox-2024-h1-e35163.pdf,,,
Roblox Corporation,Roblox,2024 H2,Q3/Q4 2024,public,https://oag.ca.gov/sites/default/files/Roblox%20Q3%20Q4%202024%20CA%20Transparency%20Report.pdf/Roblox%20Q3%20Q4%202024%20CA%20Transparency%20Report.pdf,roblox-2024-h2-4a8050.pdf,,,
Roblox Corporation,Roblox,2025 H1,Q1/Q2 2025,public,https://oag.ca.gov/sites/default/files/Roblox%20Q1-Q2%202025%20CA%20AB%20587%20Transparency%20Report.pdf/Roblox%20Q1-Q2%202025%20CA%20AB%20587%20Transparency%20Report.pdf,roblox-2025-h1-65522d.pdf,,,
Roblox Corporation,Roblox,2025 H2,Q3/Q4 2025,public,https://oag.ca.gov/sites/default/files/Roblox%202025%20H2%20California%20AB587%20Terms%20of%20Service%20Report.pdf/Roblox%202025%20H2%20California%20AB587%20Terms%20of%20Service%20Report.pdf,roblox-2025-h2-9eedcc.pdf,,,
Sketchfab,Sketchfab,2023 Q4,Q4 2023,public,https://oag.ca.gov/sites/default/files/Sketchfab%20California%20AB-587%20Q4%20Terms%20of%20Service%20Report.pdf/Sketchfab%20California%20AB-587%20Q4%20Terms%20of%20Service%20Report.pdf,sketchfab-2023-q4-9335ca.pdf,,,
Sketchfab,Sketchfab,2024 H1,Q1/Q2 2024,public,https://oag.ca.gov/sites/default/files/Sketchfab%20Q1_Q2%20California%20AB-587%20Report%20-%209.28.2024.pdf/Sketchfab%20Q1_Q2%20California%20AB-587%20Report%20-%209.28.2024.pdf,sketchfab-2024-h1-784cc6.pdf,,,
Sketchfab,Sketchfab,2024 H2,Q3/Q4 2024,public,https://oag.ca.gov/sites/default/files/Sketchfab%202024%20Q3_Q4%20California%20AB%20587%20Report.pdf/Sketchfab%202024%20Q3_Q4%20California%20AB%20587%20Report.pdf,sketchfab-2024-h2-a99cf4.pdf,,,
Sketchfab,Sketchfab,2025 H1,Q1/Q2 2025,public,https://oag.ca.gov/sites/default/files/Sketchfab%20Q1_Q2%20California%20AB%20587%20Report.pdf/Sketchfab%20Q1_Q2%20California%20AB%20587%20Report.pdf,sketchfab-2025-h1-31b8e1.pdf,,,
Snap Inc.,Snap,2023 Q3,Q3 2023,public,https://oag.ca.gov/sites/default/files/Snap%20CA%20TR%20Q3%2723%20-%20Resubmission.pdf/Snap%20CA%20TR%20Q3%2723%20-%20Resubmission.pdf,snap-2023-q3-05f092.pdf,,,
Snap Inc.,Snap,2023 Q4,Q4 2023,public,https://oag.ca.gov/sites/default/files/Snap%20Inc%20-%20CA%20Q4%2723%20Transparency%20Report.pdf/Snap%20Inc%20-%20CA%20Q4%2723%20Transparency%20Report.pdf,snap-2023-q4-cc142e.pdf,,,
Snap Inc.,Snap,2024 H1,Q1/Q2 2024,public,https://oag.ca.gov/sites/default/files/Snap%20CA%20TR_%20H1%2724.pdf/Snap%20CA%20TR_%20H1%2724.pdf,snap-2024-h1-583a9b.pdf,,,
Snap Inc.,Snap,2024 H2,Q3/Q4 2024,public,https://oag.ca.gov/sites/default/files/Snap%20Inc.%20-%20California%20Terms%20of%20Service%20Report%20%28July%201%20-%20December%2031%2C%202024%29.pdf/Snap%20Inc.%20-%20California%20Terms%20of%20Service%20Report%20%28July%201%20-%20December%2031%2C%202024%29.pdf,snap-2024-h2-08b9c2.pdf,,,
Snap Inc.,Snap,2025 H1,Q1/Q2 2025,public,https://oag.ca.gov/sites/default/files/FINAL%20SNAP%20CA%20TR%20H1%2725.pdf/FINAL%20SNAP%20CA%20TR%20H1%2725.pdf,snap-2025-h1-862a07.pdf,,,
Snap Inc.,Snap,2025 H2,Q3/Q4 2025,public,https://oag.ca.gov/sites/default/files/Final%20CA%20TR_%20H2%2725%20with%20Annex.pdf/Final%20CA%20TR_%20H2%2725%20with%20Annex.pdf,snap-2025-h2-366ca1.pdf,,,
Strava,Strava,2023 Q4,Q4 2023,public,https://oag.ca.gov/sites/default/files/CA%20transparency%20report%20Q4%202023%20-%20April%201.pdf/CA%20transparency%20report%20Q4%202023%20-%20April%201.pdf,strava-2023-q4-93c49e.pdf,,,
Strava,Strava,2024 H1,Q1/Q2 2024,public,https://oag.ca.gov/sites/default/files/CA%20transparency%20report%20Q1-Q2%202024%20-%20October%201.pdf/CA%20transparency%20report%20Q1-Q2%202024%20-%20October%201.pdf,strava-2024-h1-27f5d6.pdf,,,
"Strava, Inc.",Strava,2024 H2,Q3/Q4 2024,public,https://oag.ca.gov/sites/default/files/%5B2024Q3-Q4%5D%20Strava%20-%20CA%20AB587%20ToS%20Report.pdf/%5B2024Q3-Q4%5D%20Strava%20-%20CA%20AB587%20ToS%20Report.pdf,strava-2024-h2-6d68fa.pdf,,,
Strava,Strava,2025 H1,Q1/Q2 2025,public,https://oag.ca.gov/sites/default/files/%5B2025Q1-Q2%5D%20Strava%20-%20CA%20ToS%20Report.pdf/%5B2025Q1-Q2%5D%20Strava%20-%20CA%20ToS%20Report.pdf,strava-2025-h1-8428e9.pdf,,,
"Strava, Inc.",Strava,2025 H2,Q3/Q4 2025,public,https://oag.ca.gov/sites/default/files/FINAL%20%5B2025Q3-Q4%5D%20Strava%20-%20CA%20ToS%20Report.pdf/FINAL%20%5B2025Q3-Q4%5D%20Strava%20-%20CA%20ToS%20Report.pdf,strava-2025-h2-5d7f46.pdf,,,
"TikTok, Inc.",TikTok,2023 Q3,Q3 2023,public,https://oag.ca.gov/sites/default/files/TikTok%20California%20AB%20587%20Report%20%28Q3%202023%29.pdf/TikTok%20California%20AB%20587%20Report%20%28Q3%202023%29_0.pdf,tiktok-2023-q3-91a5c6.pdf,,,
"TikTok, Inc.",TikTok,2023 Q3,Q3 2023,public,https://oag.ca.gov/sites/default/files/TikTok%20California%20AB%20587%20Report%20%28Q3%202023%29.pdf/TikTok%20California%20AB%20587%20Report%20%28Q3%202023%29_1.pdf,tiktok-2023-q3-a253e7.pdf,,,
TikTok Inc.,TikTok,2023 Q4,Q4 2023,public,https://oag.ca.gov/sites/default/files/TikTok%20California%20AB%20587%20Report%20%28Q4%202023%29.pdf/TikTok%20California%20AB%20587%20Report%20%28Q4%202023%29.pdf,tiktok-2023-q4-09410d.pdf,,,
TikTok Inc.,TikTok,2024 H1,Q1/Q2 2024,public,https://oag.ca.gov/sites/default/files/TikTok%20California%20AB%20587%20Report%20%28Q1%26Q2%202024%29.pdf/TikTok%20California%20AB%20587%20Report%20%28Q1%26Q2%202024%29.pdf,tiktok-2024-h1-275ae6.pdf,,,
TikTok Inc.,TikTok,2024 H2,Q3/Q4 2024,public,https://oag.ca.gov/sites/default/files/TikTok%20California%20AB%20587%20Report%20%28Q3%26Q4%202024%29.pdf/TikTok%20California%20AB%20587%20Report%20%28Q3%26Q4%202024%29.pdf,tiktok-2024-h2-6a30cd.pdf,,,
TikTok Inc.,TikTok,2025 H1,Q1/Q2 2025,public,https://oag.ca.gov/sites/default/files/TikTok%20California%20AB%20587%20Report%20%28Q1%20%26%20Q2%202025%29.pdf/TikTok%20California%20AB%20587%20Report%20%28Q1%20%26%20Q2%202025%29.pdf,tiktok-2025-h1-86fbf5.pdf,,,
TikTok USDS Joint Venture LLC,TikTok,2025 H2,Q3/Q4 2025,public,https://oag.ca.gov/sites/default/files/TikTok%20California%20AB%20587%20Report%20%28Q3%20%26%20Q4%202025%29.pdf/TikTok%20California%20AB%20587%20Report%20%28Q3%20%26%20Q4%202025%29.pdf,tiktok-2025-h2-9706e7.pdf,,,
Vimeo.com Inc.,Vimeo,2023 Q4,Q4 2023,public,https://oag.ca.gov/sites/default/files/Amended%20Vimeo%20Terms%20of%20Service%20Reporting%20-%20CA%20AB%20587.pdf/Amended%20Vimeo%20Terms%20of%20Service%20Reporting%20-%20CA%20AB%20587.pdf,vimeo-2023-q4-03a60a.pdf,,,
"Vimeo.com, Inc",Vimeo,2023 Q4,Q4 2023,public,https://oag.ca.gov/sites/default/files/Vimeo%20Report%20Q4%202023%20-%20CA%20Bill%20AB%20587.pdf/Vimeo%20Report%20Q4%202023%20-%20CA%20Bill%20AB%20587.pdf,vimeo-2023-q4-8477ac.pdf,,,
Vimeo,Vimeo,2024 H1,Q1/Q2 2024,public,https://oag.ca.gov/sites/default/files/Vimeo%20California%20Terms%20of%20Service%20Report%20Q1-Q2%202024.pdf/Vimeo%20California%20Terms%20of%20Service%20Report%20Q1-Q2%202024.pdf,vimeo-2024-h1-00c67a.pdf,,,
"Vimeo.com, Inc.",Vimeo,2024 H2,Q3/Q4 2024,public,https://oag.ca.gov/sites/default/files/Vimeo.com%20Inc%20California%20Terms%20of%20Service%20Report%20Q3-Q4%202024.pdf/Vimeo.com%20Inc%20California%20Terms%20of%20Service%20Report%20Q3-Q4%202024.pdf,vimeo-2024-h2-0c392b.pdf,,,
Vimeo.com Inc.,Vimeo,2025 H1,Q1/Q2 2025,public,https://oag.ca.gov/sites/default/files/Vimeo.com%20Inc%20California%20Terms%20of%20Service%20Report%20Q1-Q2%202025.pdf/Vimeo.com%20Inc%20California%20Terms%20of%20Service%20Report%20Q1-Q2%202025.pdf,vimeo-2025-h1-a463b2.pdf,,,
"Vimeo.com, Inc.",Vimeo,2025 H2,Q3/Q4 2025,public,https://oag.ca.gov/sites/default/files/Vimeo.com%20Inc%20California%20Terms%20of%20Service%20Report%20Q3-Q4%202025.pdf/Vimeo.com%20Inc%20California%20Terms%20of%20Service%20Report%20Q3-Q4%202025.pdf,vimeo-2025-h2-31f8c1.pdf,,,
X Corp.,X,2023 Q3,Q3 2023,public,https://oag.ca.gov/sites/default/files/X%20Corp.%20-%20Q3%202023%20California%20TOS%20Report.pdf/X%20Corp.%20-%20Q3%202023%20California%20TOS%20Report.pdf,x-2023-q3-7bc95a.pdf,,,
X Corp.,X,2023 Q4,Q4 2023,public,https://oag.ca.gov/sites/default/files/X%20Corp.%20-%20California%20Terms%20of%20Service%20Report%20-%20Q4%202023.pdf/X%20Corp.%20-%20California%20Terms%20of%20Service%20Report%20-%20Q4%202023.pdf,x-2023-q4-fee070.pdf,,,
X Corp.,X,2024 H1,Q1/Q2 2024,public,https://oag.ca.gov/sites/default/files/X%20Corp.%20%E2%80%94%C2%A0H1%202024%20California%20TOS%20Report.pdf/X%20Corp.%20%E2%80%94%C2%A0H1%202024%20California%20TOS%20Report.pdf,x-2024-h1-0a20e7.pdf,,,
X Corp.,X,2024 H2,Q3/Q4 2024,public,https://oag.ca.gov/sites/default/files/X%20Corp.%20-%20California%20Terms%20of%20Service%20Report%20-%20H2%202024.pdf/X%20Corp.%20-%20California%20Terms%20of%20Service%20Report%20-%20H2%202024.pdf,x-2024-h2-2e4975.pdf,,,
X Corp.,X,2025 H1,Q1/Q2 2025,public,https://oag.ca.gov/sites/default/files/X%20Corp.%20%E2%80%94%20H1%202025%20California%20TOS%20Report.pdf/X%20Corp.%20%E2%80%94%20H1%202025%20California%20TOS%20Report.pdf,x-2025-h1-b44007.pdf,,,
X Corp,X,2025 H2,Q3/Q4 2025,public,https://oag.ca.gov/sites/default/files/X%20Corp.%20-%20H2%202025%20California%20TOS%20Report.pdf/X%20Corp.%20-%20H2%202025%20California%20TOS%20Report.pdf,x-2025-h2-17c776.pdf,,,
YouTube,YouTube,2023 Q4,Q4 2023,public,https://oag.ca.gov/sites/default/files/YouTube_Q423Report_CAAB587_UpdateApr24.pdf/YouTube_Q423Report_CAAB587_UpdateApr24.pdf,youtube-2023-q4-490e8c.pdf,,,
YouTube,YouTube,2024 H1,Q1/Q2 2024,public,https://oag.ca.gov/sites/default/files/H1%202024%20%28v3%29%20YouTube%20CA%20587%20Transparency%20Report.pdf/H1%202024%20%28v3%29%20YouTube%20CA%20587%20Transparency%20Report.pdf,youtube-2024-h1-60ca5b.pdf,,,
YouTube,YouTube,2025 H2,Q3/Q4 2025,public,https://oag.ca.gov/sites/default/files/CA%20587%20Transparency%20Report%20-%2003-31-2026.pdf/CA%20587%20Transparency%20Report%20-%2003-31-2026.pdf,youtube-2025-h2-6ee65c.pdf,,,
