company,platform,period,upload_date,access,source_url,filename,archived,sha256,bytes
Agile Sports Technologies Inc,Hudl,2025 Q3,02-04-2026,public,https://ag.ny.gov/sites/default/files/social-media-policy-report/2025-q3-agile-sports-technologies-inc-policy.pdf,2025-q3-agile-sports-technologies-inc-hudl.pdf,https://github.com/krMaynard/dsa-transparency-data/blob/main/ny-tos-reports/pdfs/2025-q3-agile-sports-technologies-inc-hudl.pdf,22935654f9e90f9003a5a36bb654b403ebaec90efebcde99de661a92a828b26e,1017828
Alphabet Inc,YouTube,2025 Q3,02-23-2026,public,https://ag.ny.gov/sites/default/files/social-media-policy-report/2025-q3-alphabet-inc-policy.pdf,2025-q3-alphabet-inc-youtube.pdf,https://github.com/krMaynard/dsa-transparency-data/blob/main/ny-tos-reports/pdfs/2025-q3-alphabet-inc-youtube.pdf,fbc6434025353b776b4ed7c87d5938be26fd7c6a544987ecea0edd2a5b535545,500196
Discord Inc,,2025 Q3,12-31-2025,public,https://ag.ny.gov/sites/default/files/social-media-policy-report/2025-q3-discord-inc-policy-3.pdf,2025-q3-discord-inc.pdf,https://github.com/krMaynard/dsa-transparency-data/blob/main/ny-tos-reports/pdfs/2025-q3-discord-inc.pdf,d62405bfad841cdcd3e0ca37cae3acf6be417eb25a8bce2f5a73860a2bf1ebfd,408300
LinkedIn Corporation,,2025 Q3,12-30-2025,public,https://ag.ny.gov/sites/default/files/social-media-policy-report/2025-q3-linkedin-corporation-policy.pdf,2025-q3-linkedin-corporation.pdf,https://github.com/krMaynard/dsa-transparency-data/blob/main/ny-tos-reports/pdfs/2025-q3-linkedin-corporation.pdf,e907f8b033c3dd8d629feb4ed1750c5de473f25843179064ecbb5daaebffb339,12084631
Meta Platforms Inc,"Facebook, Instagram, Threads",2025 Q3,01-01-2026,public,https://ag.ny.gov/sites/default/files/social-media-policy-report/2025-q3-meta-platforms-inc-policy.pdf,2025-q3-meta-platforms-inc-facebook-instagram-threads.pdf,https://github.com/krMaynard/dsa-transparency-data/blob/main/ny-tos-reports/pdfs/2025-q3-meta-platforms-inc-facebook-instagram-threads.pdf,473b0eb777c72d838440fcf6e24f514b006fe40e3ae86763c0b0349cad1bbdd6,853700
Naver Corporation,Other,2025 Q3,12-30-2025,public,https://ag.ny.gov/sites/default/files/social-media-policy-report/2025-q3-naver-corporation-policy.pdf,2025-q3-naver-corporation.pdf,https://github.com/krMaynard/dsa-transparency-data/blob/main/ny-tos-reports/pdfs/2025-q3-naver-corporation.pdf,a17dabc94b7e1127a9b7dbfd0d213816f5524b20d5dca397c9b7e60d1da31e2d,680826
Nextdoor Inc,,2025 Q3,02-06-2026,public,https://ag.ny.gov/sites/default/files/social-media-policy-report/2025-q3-nextdoor-inc-policy.pdf,2025-q3-nextdoor-inc.pdf,https://github.com/krMaynard/dsa-transparency-data/blob/main/ny-tos-reports/pdfs/2025-q3-nextdoor-inc.pdf,f9befaf36bb2824e51472eb9cd412fb6a9bd298863db3f3725a7319cc80c57f3,390507
Reddit Inc,,2025 Q3,01-02-2026,public,https://ag.ny.gov/sites/default/files/social-media-policy-report/2025-q3-reddit-inc-policy.pdf,2025-q3-reddit-inc.pdf,https://github.com/krMaynard/dsa-transparency-data/blob/main/ny-tos-reports/pdfs/2025-q3-reddit-inc.pdf,0c2af35752744b7c6806aa6128bb661ba032f562fff8e56b458c170a6e4502cd,511833
Roblox Corporation,,2025 Q3,01-01-2026,public,https://ag.ny.gov/sites/default/files/social-media-policy-report/2025-q3-roblox-corporation-policy.pdf,2025-q3-roblox-corporation.pdf,https://github.com/krMaynard/dsa-transparency-data/blob/main/ny-tos-reports/pdfs/2025-q3-roblox-corporation.pdf,6bbcaea0fd16f346543d63f990678ff136879cf6b5053f570e707f0214fef939,3836143
Snap Inc,Other,2025 Q3,01-01-2026,public,https://ag.ny.gov/sites/default/files/social-media-policy-report/2025-q3-snap-inc-policy.pdf,2025-q3-snap-inc.pdf,https://github.com/krMaynard/dsa-transparency-data/blob/main/ny-tos-reports/pdfs/2025-q3-snap-inc.pdf,b6b4dcd287afe3bd8b5a3914226c78a26669a6e59c3d49a8481b9e23b1589856,11222370
Strava Inc,,2025 Q3,01-01-2026,public,https://ag.ny.gov/sites/default/files/social-media-policy-report/2025-q3-strava-inc-policy.pdf,2025-q3-strava-inc.pdf,https://github.com/krMaynard/dsa-transparency-data/blob/main/ny-tos-reports/pdfs/2025-q3-strava-inc.pdf,f37bbfbc6b5abbc3588bdb4d1cace946860c6266ed26122dcc0572901bd3f0d1,392301
TikTok Inc,,2025 Q3,01-01-2026,public,https://ag.ny.gov/sites/default/files/social-media-policy-report/2025-q3-tiktok-inc-policy.pdf,2025-q3-tiktok-inc.pdf,https://github.com/krMaynard/dsa-transparency-data/blob/main/ny-tos-reports/pdfs/2025-q3-tiktok-inc.pdf,bf91ce8472464fab3a24390fd4c9483176b6f3865f174aa1efc1c4f7c210d21e,1631391
Vimeo.com Inc,,2025 Q3,12-23-2025,public,https://ag.ny.gov/sites/default/files/social-media-policy-report/2025-q3-vimeo.com-inc-policy.pdf,2025-q3-vimeo-com-inc.pdf,https://github.com/krMaynard/dsa-transparency-data/blob/main/ny-tos-reports/pdfs/2025-q3-vimeo-com-inc.pdf,95d4b055df84fadbf48e787fa0d01e420b6d35f6001d53d348aa5ecc5e9a5324,460487
X Corp,,2025 Q3,01-01-2026,public,https://ag.ny.gov/sites/default/files/social-media-policy-report/2025-q3-x-corp-policy.pdf,2025-q3-x-corp.pdf,https://github.com/krMaynard/dsa-transparency-data/blob/main/ny-tos-reports/pdfs/2025-q3-x-corp.pdf,890eada4957d13b387d3040f140d6e60e6b3bd7a459c3653dd78524830e6ad25,1829868
Agile Sports Technologies Inc,Hudl,2025 Q4,03-31-2026,public,https://ag.ny.gov/sites/default/files/social-media-policy-report/2025-q4-agile-sports-technologies-inc-policy.pdf,2025-q4-agile-sports-technologies-inc-hudl.pdf,https://github.com/krMaynard/dsa-transparency-data/blob/main/ny-tos-reports/pdfs/2025-q4-agile-sports-technologies-inc-hudl.pdf,def241ebf3d0b0a2e88b7c6dc393fd0fccea974d6fb469622eaf00c9a8e64e60,1337845
Amazon.com Inc,GoodReads Inc,2025 Q4,04-01-2026,public,https://ag.ny.gov/sites/default/files/social-media-policy-report/2025-q4-amazon.com-inc-policy_0.pdf,2025-q4-amazon-com-inc-goodreads-inc.pdf,https://github.com/krMaynard/dsa-transparency-data/blob/main/ny-tos-reports/pdfs/2025-q4-amazon-com-inc-goodreads-inc.pdf,7f9ecec672b5ff77bebc70bec9d907aba6127a3164e44c61be99cf0962c06783,333628
Amazon.com Inc,Twitch Interactive Inc,2025 Q4,04-30-2026,public,https://ag.ny.gov/sites/default/files/social-media-policy-report/2025-q4-amazon.com-inc-policy.pdf,2025-q4-amazon-com-inc-twitch-interactive-inc.pdf,https://github.com/krMaynard/dsa-transparency-data/blob/main/ny-tos-reports/pdfs/2025-q4-amazon-com-inc-twitch-interactive-inc.pdf,e6b6a919f32fc3a55fc7c0936f6a1a34a1d89a74046a6f22f730b530ae52325b,72399
Discord Inc,,2025 Q4,03-31-2026,public,https://ag.ny.gov/sites/default/files/social-media-policy-report/2025-q4-discord-inc-policy.pdf,2025-q4-discord-inc.pdf,https://github.com/krMaynard/dsa-transparency-data/blob/main/ny-tos-reports/pdfs/2025-q4-discord-inc.pdf,ce0ac745fad81d7f56afbef40f4071d43a3f9a0db101163ff542443858a9b0c6,2002890
Kick Streaming Pty Ltd,,2025 Q4,04-01-2026,public,https://ag.ny.gov/sites/default/files/social-media-policy-report/2025-q4-kick-streaming-pty-ltd-policy.pdf,2025-q4-kick-streaming-pty-ltd.pdf,https://github.com/krMaynard/dsa-transparency-data/blob/main/ny-tos-reports/pdfs/2025-q4-kick-streaming-pty-ltd.pdf,25251d943fd95d3e21798a8f66d19809b811f1b6068238d4a91876a168d09d8c,1369445
LinkedIn Corporation,,2025 Q4,03-30-2026,public,https://ag.ny.gov/sites/default/files/social-media-policy-report/2025-q4-linkedin-corporation-policy.pdf,2025-q4-linkedin-corporation.pdf,https://github.com/krMaynard/dsa-transparency-data/blob/main/ny-tos-reports/pdfs/2025-q4-linkedin-corporation.pdf,59b191d1c2a5a08435490a55b680b20d3b8d46ec387280046b04c1b4a87cf0c7,8431425
Naver Corporation,Other,2025 Q4,06-18-2026,public,https://ag.ny.gov/sites/default/files/social-media-policy-report/2025-q4-naver-corporation-policy_0.pdf,2025-q4-naver-corporation.pdf,https://github.com/krMaynard/dsa-transparency-data/blob/main/ny-tos-reports/pdfs/2025-q4-naver-corporation.pdf,30742b67bd82b547a9825c74975cf009c409ca55ee8ba6bcb7e99598ac59486d,9878606
Nextdoor Inc,,2025 Q4,04-01-2026,public,https://ag.ny.gov/sites/default/files/social-media-policy-report/2025-q4-nextdoor-inc-policy-2.pdf,2025-q4-nextdoor-inc.pdf,https://github.com/krMaynard/dsa-transparency-data/blob/main/ny-tos-reports/pdfs/2025-q4-nextdoor-inc.pdf,17eb956dab980da650c85a18a30de7abb860a6fbe3b95a6e6423f2694a6cf924,591816
Reddit Inc,,2025 Q4,04-01-2026,public,https://ag.ny.gov/sites/default/files/social-media-policy-report/2025-q4-reddit-inc-policy.pdf,2025-q4-reddit-inc.pdf,https://github.com/krMaynard/dsa-transparency-data/blob/main/ny-tos-reports/pdfs/2025-q4-reddit-inc.pdf,bab4836fa8ef702c0e95030cf5e0246cff0356267e72c14782f271ccbb0f6ac2,428044
Roblox Corporation,,2025 Q4,04-01-2026,public,https://ag.ny.gov/sites/default/files/social-media-policy-report/2025-q4-roblox-corporation-policy.pdf,2025-q4-roblox-corporation.pdf,https://github.com/krMaynard/dsa-transparency-data/blob/main/ny-tos-reports/pdfs/2025-q4-roblox-corporation.pdf,96312424bead4a311d833c38a95f5992c06de8331cfa2e46bade092dfb3cba84,2763005
Snap Inc,,2025 Q4,03-25-2026,public,https://ag.ny.gov/sites/default/files/social-media-policy-report/2025-q4-snap-inc-policy.pdf,2025-q4-snap-inc.pdf,https://github.com/krMaynard/dsa-transparency-data/blob/main/ny-tos-reports/pdfs/2025-q4-snap-inc.pdf,d3a3869bb9c54c046c5aeb252eb20a447e3452f3d63e80c76087ddf343c4f233,8136053
Strava Inc,,2025 Q4,04-01-2026,public,https://ag.ny.gov/sites/default/files/social-media-policy-report/2025-q4-strava-inc-policy.pdf,2025-q4-strava-inc.pdf,https://github.com/krMaynard/dsa-transparency-data/blob/main/ny-tos-reports/pdfs/2025-q4-strava-inc.pdf,65fd350516ec93c5e9da012b8280e845b90a1856b63c1860dbe255cd840f4220,965000
TikTok Inc,,2025 Q4,04-01-2026,public,https://ag.ny.gov/sites/default/files/social-media-policy-report/2025-q4-tiktok-inc-policy.pdf,2025-q4-tiktok-inc.pdf,https://github.com/krMaynard/dsa-transparency-data/blob/main/ny-tos-reports/pdfs/2025-q4-tiktok-inc.pdf,be6959e568ae86cba0eb8de1aab0134dd9348e4cd7a2a6b8076a84a04aca7562,1529327
Vimeo.com Inc,,2025 Q4,03-27-2026,public,https://ag.ny.gov/sites/default/files/social-media-policy-report/2025-q4-vimeo.com-inc-policy.pdf,2025-q4-vimeo-com-inc.pdf,https://github.com/krMaynard/dsa-transparency-data/blob/main/ny-tos-reports/pdfs/2025-q4-vimeo-com-inc.pdf,ab98d446740bf11ea2a52a080fbc30aa53b3dc45f8bf8fc45396f2e3dc5fc643,416559
X Corp,,2025 Q4,03-31-2026,public,https://ag.ny.gov/sites/default/files/social-media-policy-report/2025-q4-x-corp-policy.pdf,2025-q4-x-corp.pdf,https://github.com/krMaynard/dsa-transparency-data/blob/main/ny-tos-reports/pdfs/2025-q4-x-corp.pdf,b16df8c2db5936184a990b2f746a371ea9caad6a621afc03765b9d862043745e,931437
